"Puesto","Requisitos"
"Asesora Comercial",""
"Auxiliar contable con experiencia","Radicando en Cancun"
"Auxiliar de Almacen","para Danone con 6 meses de Experiencia con Licencia para Cedis Danone en Veracruz"
"Asesor  call center","Medio tiempo"
"Gerente de Sucursal","Puerto Vallarta"
"Gerente de Recursos Humanos","de Lunes a Sabado"
"Profesional de Proyecto","Especialista en Costos Gas Natural Vehicular "
"Auxiliar de mantenimiento",""
"Jefe de IT","Ingles Avanzado"
"Gestor de cobranza domiciliaria","Hermosillo"
"Promotor de Credito Grupal","Tonala Jalisco"
"Supervisor de Logistica",""
"Auxiliar de Produccion",""
"vendedor canal detalle","Indispensable ser de Cancun"
"Ejecutivo telefonico en call center","tiempo completo minimo un ano de experiencia"
"Asesor de credito agropecuario","Mazatlan"
"Contador/a","Zona WTC Contratacion Inmediata"
"Coordinador de Trade Mareting","Comex"
"Ejecutivo de Ventas ATT Plaza Centella","Cuautitlan"
"Atencion a clientes","Venta cruzada"
"Becario Ing. Industrial","Cadena de suministro"
"Asesor Telefonico/ 10 a 4 Sin Experiencia","$5000"
"Ejecutivo de Atencion a Clientes o Telemarketing","Call Center"
"Instalador","con licencia tipo b"
"Ejecutivo Telefonico","Atencion a clientes $6500 Zona Naucalpan"
"Gestor de cobranza","Tierra blanca"
"Asesor Telefonico","$7000 Zona Metro Velodromo ((Sin experiencia)) Lunes a Sabado  "
"Asesora Comercial",""
"Auxiliar contable con experiencia","Radicando en Cancun"
"Asesor  call center","Medio tiempo"
"Gerente de Sucursal","Puerto Vallarta"
"Gerente de Recursos Humanos","de L a S"
"Profesional de Proyecto","Especialista en Costos Gas Natural Vehicular "
"Auxiliar de mantenimiento",""
"Jefe de IT","Ingles Avanzado"
"Gestor de cobranza domiciliaria","Hermosillo"
"Promotor de Credito Grupal","Tonala Jalisco"
"Supervisor de Logistica",""
"Auxiliar de Produccion",""
"vendedor canal detalle","Indispensable ser de Cancun"
"Ejecutivo telefonico en call center","tiempo completo minimo un ano de experiencia"
"Asesor de credito agropecuario","Mazatlan"
"Contador/a","Zona WTC Contratacion Inmediata"
"Coordinador de Trade Mareting","Comex"
"Ejecutivo de Ventas","Cuautitlan ATT Plaza Centella "
"Atencion a clientes","Venta cruzada"
"Promotor en entrenamiento","Lagos de Moreno"
"Consultor SAP CO",""
"Java Developer",""
"consultor","De entregables"
"Auxiliar de Presupuestos","experiencia en costos y presupuestos de obra"
"Auxiliar de credito y cobranza","Proyecto Santa Fe "
"Atencion a Cliente Cuentas Retail","Customer Service"
"Supervisor de Ventas","Carro Propio"
"Analista de credito y cobranza","Proyecto corporativo Santa Fe "
"Ejecutivo de Cobranza Telefonico","Excelente Oportunidad"
"Ejecutivo Telefonico","Turno matutino y vespertino"
"Coordinador de Custodias","Cuautitlan Izcalli"
"Carnicero  tablajero","descanso domingo"
"Practicante","Recursos Humanos"
"Tec. Laboratorio","Rolar turnos"
"Disenador grafico","ingles intermedio"
"Verificador domiciliario","Ixmiquilpan"
"Auxiliar Administrativo","Agencia de promociones"
"Cajero Vendedor CCP Gran Plaza",""
"Promotor Financiero","Playa del Carmen"
"Representante de Ventas","Urban Center"
"Chofer Ejecutivo/Personal",""
"Vendedor/Accesorios p/Celular en Cac Telcel","Plaza Satelite"
"Vendedor de piso","en Tecnologia"
"Reclutador de Campo y Oficina",""
"Ayudante General","Periferico Sur Hospital Angeles"
"Auxiliar de Almacen","Centro de distribucion"
"Jefe de compras",""
"Cobrador Telefonico Experto","Excelente Oportunidad Contratacion Inmediata"
"Cajero/a","Tepeyac"
"Auxiliar Taller Pintura","Refrigeracion Comercial"
"Asistente Excelente Presentacion Solo Mujeres","Contratacion Inmediata"
"Asistente Excelente Presentacion","Contratacion Inmediata Oportunidad Unica"
"Chofer Cubre Descanso","Ruta Reparto"
"Auxiliar de Calidad","Ingles Intermedio"
"Cobrador domiciliario","Playa del Carmen"
"Auditores de tiendas al detalle","Tizayuca"
"Vendedor de Farmacia","Ciudad Judicial"
"Auxiliar contable","Con experiencia minima de 6 meses."
"UTEG Olimpica solicita:","Docente de Ingles para BGC"
"Personal de Limpieza en Oficinas","Urgente"
"Asesor Fiscal/ Abogado/ Contador","Sin Experiencia $9000"
"Motociclista","Av Mexico"
"Auxiliar de Impuestos","Con experiencia minima de 6 meses."
"Acreditacion de programas posgrado","Excelente nivel de Lectoescritura en ingles"
"Recibo de envios",""
"Promotor de Credito Grupal Zona Tepotzotlan","Sueldo base $8000 a $10000"
"Director de Operaciones",""
"Asesor Telefonico","$7000 Zona Metro Velodromo ((Sin experiencia)) Lunes a Sabado  "
"ejecutivo premier hsbc","medio turno con experiencia en ventas"
"Practicante Ingenieria Mecanica e Industrial",""
"Inspector de Calidad",""
"Asesor/a de Ventas","Horarios Flexibles/Sin experiencia"
"Ejecutivo telefonico callcenter","Zona Tlalnepantla $5000 a $6000 "
"Ejecutivo de Credito en campo","Coatzacoalcos"
"Senior Guard","Bilingual"
"Vendedor de Sucursal","Mas Vision Galerias Serdan Puebla"
"Ejecutivo de Credito Cambaceo","Coatzacoalcos"
"Gerente de tienda",""
"Gestor de Cobranza Domiciliaria","Coatzacoalcos"
"Ventas financieras 6500 mas bono","Prestaciones superiores"
"Asesor de Credito  ","Acayucan"
"Ejecutivo/a","Tecnologias de la informacion"
"Agendador medio tiempo","Prestaciones de ley"
"Business Analyst",""
"Inside Sales","Ventas Comercial Mercadotecnia"
"Soporte de Soluciones Tecnologicas","Recien egresados"
"Analista de datos","Recien egresado"
"Call center bilingue matutino sin experiencia","Gana $11000"
"Consultor Comercial","Ventas IT"
"Desarrollador","Experiencia en PHP y  C#"
"Consultor de Software",""
"Desarrollador/a NET","Lider de Equipo Senior"
"Auxiliar contable","Con experiencia minima de 6 meses."
"UTEG Olimpica solicita:","Docente de Ingles para BGC"
"Personal de Limpieza en Oficinas","Urgente"
"Asesor Fiscal/ Abogado/ Contador","Sin Experiencia $9000"
"Motociclista","Av Mexico"
"Auxiliar de Impuestos","Con experiencia minima de 6 meses."
"Acreditacion de programas posgrado","Excelente nivel de Lectoescritura en ingles"
"Recibo de envios",""
"Promotor de Credito Grupal Zona Tepotzotlan","Sueldo base $8000 a $10000"
"Director de Operaciones",""
"Asesor Telefonico ((Sin experiencia)) Lunes a Sabado","$7000 Zona Metro Velodromo "
"ejecutivo premier hsbc","medio turno con experiencia en ventas"
"Practicante Ingenieria Mecanica e Industrial",""
"Inspector de Calidad",""
"Asesor/a de Ventas","Horarios Flexibles/Sin experiencia"
"Auxiliar administrativo","Experiencia en Giro transportista / Logistica"
"Electromecanico","Auto electrico"
"Analista de Credito Jr","Para Arrendadora"
"Ejecutivos telefonicos y presenciales","trabajo en oficina"
"Solicitamos Asesor de Ventas","con Experiencia"
"Cobrador domiciliario","Playa del Carmen"
"Auditores de tiendas al detalle","Tizayuca"
"Vendedor de Farmacia","Ciudad Judicial"
"Auxiliar contable","Con experiencia minima de 6 meses."
"UTEG Olimpica solicita:","Docente de Ingles para BGC"
"Personal de Limpieza en Oficinas","Urgente"
"Asesor Fiscal/ Abogado/ Contador","Sin Experiencia $9000"
"Motociclista","Av Mexico"
"Auxiliar de Impuestos","Con experiencia minima de 6 meses."
"Acreditacion de programas posgrado","Excelente nivel de Lectoescritura en ingles"
"Recibo de envios",""
"Promotor de Credito Grupal Zona Tepotzotlan","Sueldo base $8000 a $10000"
"Director de Operaciones",""
"Asesor Telefonico ((Sin experiencia)) Lunes a Sabado","$7000 Zona Metro Velodromo "
"ejecutivo premier hsbc","medio turno con experiencia en ventas"
"Practicante Ingenieria Mecanica e Industrial",""
"Inspector de Calidad",""
"Asesor/a de Ventas","Horarios Flexibles/Sin experiencia"
"Auxiliar administrativo","Experiencia en Giro transportista / Logistica"
"Electromecanico","Auto electrico"
"Analista de Credito Jr","Para Arrendadora"
"Ejecutivos telefonicos y presenciales","trabajo en oficina"
"Solicitamos Asesor de Ventas","con Experiencia"
"Gestor de Cobranza Domiciliario descanso en Domingo","Solo son 7 hrs Zonas Xochimilco"
"Ingeniero de control de produccion","Empresa rumbo al aeri"
"Auxiliar de mantenimiento","con experiencia"
"Vendedora con Ingles   Contratacion Inmediata","Quinta Avenida"
"Promotoras de telefonia para Tienda en Angelopolis","Sueldo 4500 mensuales y Altas Comisiones Semanales"
"Almacenista urgente"," Huimilpan Queretaro"
"Ejecutivo de Ventas","Monterrey"
"Agente de Seguros Aumenta tu cartera","En CDMX"
"Atencion al cliente","Lic. Motociclista vigente"
"Asistente veterinario","Tampico"
"Atencion a Clientes de Avon Cosmeticos por Telefono","Medio Tiempo"
"Coordinador de Ventas","Atencion a clientes"
"Reclutador de Campo y Oficina",""
"Promotor de Electronica","Ventas de piso"
"Asesor Comercial en CDMX Sur","Horarios Flexibles"
"Recuperador de Cartera","Visitas Domiciliarias"
"Disenador/a","Coordinacion"
"Analista de estudios sociolaborales","turno completo"
"Recepcionista","Zona de Trabajo Periferico Sur (Por Truper)"
"Gerencia Control de Calidad y Proyectos","Experiencia en cofepris y buenas practicas"
"Hotel Boutique Solicita Gerente de Hotel"," Minimo 5 anos de Experiencia"
"Capitan de meseros","Experiencia necesaria"
"Ejecutivo de contactos con Brokers Inmobiliario","Playa del Carmen"
"Ejecutivo de contactos con Brokers Inmobiliario","Tulum"
"Auxiliar administrativa",""
"Ejecutivo de Ventas","Ventas"
"Hotel Boutique Solicita Recepcionista","Con Experiencia en Reservaciones"
"Auxiliar de costos.","Costos e Inventarios."
"Auxiliar administrativo/a","Seguros y Fianzas"
"Arquitecto / Ingeniero Civil","Pasante o Recien egresado"
"Chofer Mensajero",""
"Representante de Ventas","(Adhesivos Selladores y Lubricantes) "
"Ajustador de Maquinas","Inyeccion de Plastico"
"Chofercon licencia federal (TIPO E)","Chofer Cargador"
"Vendedor de Mostrador","Gran Patio Guanajuato"
"Desarrollador Sharepoint y Dynamics 365",""
"Auxiliar Contable/COI","lunes a sabado"
"Puesto","Requisitos"
"Chofer",""3","5 Y 10 Toneladas ""
"Encargado de Almacen","Restaurante"
"Suepervisor en almacen","Embarques"
"Asesor de moda de medio tiempo","Plaza Satelite"
"Encargado Sr de Auditoria","Sector Financiero"
"Disenadora / vendedora","sueldo base + comisiones"
"Consultor de viajes","Queretaro"
"Gestor de Cobranza","Veracruz"
"Becario Capacitacion",""
"Reclutador/a","Administrativo  Ingles Intermedio"
"Gestor de cobranza","Pachuca"
"Vendedor para trajes de Lujo","Parque Toreo"
"Ejecutivo de Cobranza","Excelentes comisiones"
"Asistente de direccion","Empresa Financiera"
"Becario java","pasante / servicio social"
"Estudia y Trabaja Asesor Financiero","Medio Tiempo $5000"
"Ejecutivo Telemarketing ATT Medio Tiempo"," Coyoacan"
"Demovendedoras/es Autoservicios Fines de Semana","Sams Galerias Ags"
"Acelerador de Prospeccion",""
"Ejecutivo/a","ventas cambaceo/superiores  comisiones "
"Consultor de viajes","Queretaro"
"Gestor de Cobranza","Veracruz"
"Becario Capacitacion",""
"Reclutador/a","Administrativo  Ingles Intermedio"
"Gestor de cobranza","Pachuca"
"Vendedor para trajes de Lujo"," Parque Toreo"
"Ejecutivo de Cobranza","Excelentes comisiones"
"Asistente de direccion","Empresa Financiera"
"Becario java","pasante / servicio social"
"Estudia y Trabaja Asesor Financiero","Medio Tiempo $5000"
"Ejecutivo Telemarketing ATT Medio Tiempo"," Coyoacan"
"Demovendedoras/es Autoservicios Fines de Semana","Sams Galerias Ags"
"Acelerador de Prospeccion",""
"Ejecutivo/a","ventas cambaceo/superiores  comisiones "
"Cajero","Tiempo Completo"
"Instructor de TAE KWON DO","Sport City Polanco"
"Tecnico de Seguridad e Higiene",""
"Supervisor de Produccion","Soldadura"
"Vendedora Demostradora","Plaza Satelite"
"Auxiliar Comercial en Veracruz","Mujeres/Disponibles para viajar y manejo de auto estandar"
"Cajero","Tiempo Completo"
"Instructor de TAE KWON DO","Sport City Polanco"
"Tecnico de Seguridad e Higiene",""
"Supervisor de Produccion","Soldadura"
"Vendedora Demostradora","Plaza Satelite"
"Auxiliar Comercial en Veracruz","Mujeres/Disponibles para viajar y manejo de auto estandar"
"Contador Jr.","Titulado (Huixquilucan)"
"Disenador","Muebleria"
"Tablajero","experiencia en cortes de carne"
"Desarrollador Mobile Advisor y Sr.","Polanco"
"DemoVendedores/as Autoservicios Fines de Semana","Walmart Aguascalientes Oriente"
"Barman",""
"Promotor/a ejecutivo",""
"Ejecutivo Atencion a Cliente","Telefonica o via chat"
"Vendedor","fertilizantes"
"Ingeniero Electrico","Plantas de Emergencia"
"Ejecutivo de atencion a clientes","Presencial"
"Masajista",""
"Auxiliar Comercial en Tuxtla Gutierrez","Mujeres/Disponibles para viajar y manejo de auto estandar"
"Vendedor Mostrador de Semana en Cuautla ","Sucursal De Av. Jiquilpan"
"Auxiliar de mantenimiento","Soldadura electromecanica y aire acondicionado "
"Promotor/a asesor de ventas/Contratacion Inmediata","Pago Semanal+Bonos+Comisiones/Zona Centro CDMX"
"Promotor credito","Comalcalco/tabasco "
"Supervisor de campana bilingue call center 10 mil","Bonos de productividad puntualidad transporte "
"Jefe de Produccion  Emulsion asfaltica","ZonaTepeji del Rio de Ocampo Hidalgo"
"Asesor Telefonico / Modulo y Oficina","Prestaciones de Ley"
"Agente de viajes BEST DAY","Patio Revolucion"
"Representante de Ventas","Queretaro"
"Jefatura de Ventas Tecnicas",""
"Auxiliar de limpieza",""
"Jefe de Cuentas por Pagar",""
"Especialista en atencion a clientes y ventas","seguros"
"Operador telefonico (no ventas)","Roma norte (URGE)"
"Asistente Particular para Asuntos Personales","Para laborar en Miguel Hidalgo/ Ingles Avanzado "
"Vendedores de tecnologia y electronica","Tultitlan o Naucalpan"
"Almacenista","Cancun centro"
"Gestor de Cobranza Tecamachalco","Contratacion inmediata"
"Camarista","Con Experiencia"
"Becario/a","Planeacion de la Demanda"
"Asesora","Ventas Boutique de Lujo"
"Auxiliar Contable","Tiempo Completo"
"Levi s Perisur solicita vendedor de medio tiempo","Experiencia en ventas de ropa"
"Ejecutivo telefonico No Ventas",""
"Vigilante",""
"Ejecutivo de Call Center","Sueldo base/comisiones y beca de ingles "
"Auxiliares de Soldador","Alvaro Obregon"
"Supervisor/a","ventas en campo/superiores comisiones "
"Auxiliares de Produccion Manufactura 6000","Manejo de PC y Escaner Zona Perinorte"
"Gerente de sucursal","Montepio san patricio Nezahualcoyotl"
"Tecnico en Mantenimiento","Toluca"
"Gerente de sucursal","Montepio san Patricio"
"Vendedor/a",""
"Ejecutivo de Ventas Best Day","CDMX Zona Sur Cuicuilco"
"Customer Success",""
"Auxiliar administrativo/a","Medio tiempo"
"Tecnico en Mantenimiento","Experiencia en CNC y Tornos"
"Levi s Atizapan solicita vendedor de medio tiempo","Exeriencia en ventas de ropa"
"Asesor corporativo sector issste",""
"Tecnico Electrico.","Conocimientos mecanica electricidad hidraulica "
"Vendedora","Boutique Masaryk"
"Auxiliar de Reclutamiento y Seleccion",""
"Ayudante general","Aguas Residuales"
"Call center y atencion al cliente Medio Tiempo","Sueldo base mas comision Matutino o vespertino"
"Test Engineer","Bilingue"
"Promotor/a asesor de creditos","Plaza comercial"
"HR Business Partner",""
"Programador Java","Medio tiempo Vespertino"
"Promotor/a asesor de creditos","Plaza comercial"
"Chef Instructor",""
"Subgerente de tienda de autorservicio",""
"Gerente de Sucursal",""
"Desarrollador .net Full Stack","Galerias atizapan"
"Jefe de Plaza y Servicios Comunitarios",""
"Administrador de Proyectos sociales",""
"Jefe de Responsabilidad Social Empresaria",""
"Ejecutivo de ventas Telemarketing y atencion a clientes CDMX","Prestaciones de ley bonos contratacion inmediata "
"Promotor/a asesor de creditos","Plaza comercial"
"Coordinador de Trafico Maritimo y Distribucion Nacional","Licenciatura Terminada / Ingles Avanzado / 16800"
"Auxiliar Administrativo y Cobranza","Manejo de Adminpaq"
"Ejecutivo de Telefonia","Atencion a Clientes"
"Promotor/a asesor de creditos","Plaza comercial"
"Control Vehicular","Temporal"
"Levi s Perisur solicita cajero medio tiempo","Experiencia en boutique de ropa"
"Asesor de ventas educativas","Universidad CNCI Mixcoac"
"Asesor de ventas educativas Azcapotzalco","Universidad CNCI"
"Comprador Jr.",""
"Medico Salud Ocupacional",""
"Acomodador de Autos","Valet Parking"
"Tecnico en electronica Valle oriente",""
"Lider Mobile","Polanco"
"Operador Telefonico Primer empleo Sin experiencia","Medio tiempo Lunes a Viernes"
"Supervisora de Autoservicio","Mega Loreto"
"Electromecanico","TSU en Mantenimiento o afin."
"Auxiliar contable","Urgente"
"Almacenista","Tiempo Completo"
"Auxiliar de Limpieza",""
"Ejecutivo de ventas Movistar","telefonia y accesorios"
"Cobrador Foraneo para Ags/Zac",""
"vendedor a detalle","Con experiencia y licencia tipo A vigente"
"Coordinador de mantenimiento",""
"Consultor/a TI","Ingeniero en sistemas"
"Supervisor de Finanzas","Ingles avanzado y exp en firmas/despachos"
"Supervisora de Autoservicio","Mega Loreto"
"Reclutador/a",""
"Auxiliar de Impuestos Jr","Calle Amores"
"asesor de creditos",""
"Traductor de Japones","Nivel de Japones Intermedio o Avanzado"
"Ingeniero  en Sistemas",""
"Operador de Montacargas","Experiencia de 2 anos"
"Administrativa de Compras",""
"Auxiliar de limpieza Metro Toreo o Auditorio Contratacion","inmediata Prestaciones de ley Vales Despensa"
"Responsable de Farmacia","Tierra Blanca"
"Seguridad","Liverpool Gran Plaza"
"Supervisora de personal","Solo mujeres"
"Auxiliar Contable","Tecnico Contable"
"Call center Primer empleo Sin experiencia","Medio tiempo Lunes a Viernes"
"Asesor de creditos pre autorizados","medio tiempo vespertino"
"Montacarguista HP Y HS","ZONA ANGEL LEANO"
"Gestor de cobranza telefonica","Medio tiempo"
"promotor para tienda departamental","marca importante de linea blanca"
"Chofer repartidor","Turno completo experiencia en carreteras "
"Supervisor de Produccion",""
"Vendedora","Boutique Artz Pedregal"
"Tecnico en electronica","mecatronica o afin Experiencia no necesaria "
"Almacenista","Parque Delta"
"Impresor Flexografico","Prensista"
"Becario/a","Inventarios"
"Auxiliar cuentas  por pagar",""
"Encargado de Infraestructura y Red","Contratacion Inmediata"
"Lider QA","Bilingue"
"Personal de mantenimiento","Huehuetoca"
"Analista de Contratacion de Personal",""
"Asesora de Modas Studio F  Monterrey $6000","Plaza San Agustin"
"Supervisor de Vulcanizado","Empresa Transportes Capricornio"
"Auxiliar contable","Con experiencia minima de 6 meses."
"Ayudante de reparto","puebla Danone"
"Tecnico mantenimiento","Tienda Departamental"
"Ejecutivo Call Center area Comercial//Promotor","Trabaja solo 5 hr diarias/Sb+Com+ IMSS"
"Tramitador de creditos en ruta (No son ventas)","Prestaciones Superiores"
"Cajera Facturista","$6000 mensuales en Iztacalco "
"Analista de credito para Tecnoparque",""
"Becario/a","Marketing"
"Auxiliar de almacen",""
"Administracion de Personal","Ingles avanzado"
"Mesera de Postres","Loma Linda Carso"
"Becario/a","Marketing      Corporativo Lomas"
"Atencion al Cliente","Fte a Cordilleras Manuel J Clouthier Esq Patria"
"Atencion al Cliente en Mostrador","(Av Convencion 2005 Miravalle Fte Plaza San Marcos"
"Asesor Telefonico ((Sin experiencia)) Lunes a Sabado","$7000 Zona Metro Velodromo "
"Gerente de Impuestos",""
"Agente de Viajes Best Day","Interlomas (Ayuda de Transporte)"
"Atencion al Cliente en Mostrador","Fte Central Autobuses (Av Convencion Sur 409"
"Ejecutivo comercial","Experiencia en giro de construccion"
"Auxiliar Contable","Manejo de contabilidad general"
"Auxiliar de nominas",""
"Manejador de alimentos",""
"Ejecutivo de ventas","Seguridad electronica"
"Asesora","Ventas Boutique de Lujo"
